<?xml version="1.0" encoding="UTF-8"?>
<!DOCTYPE mapper
PUBLIC "-//mybatis.org//DTD Mapper 3.0//EN"
"http://mybatis.org/dtd/mybatis-3-mapper.dtd">

<mapper namespace="com.ssafy.book.model.dao.MemberDAO">

	<!-- 회원가입 -->
	<!-- 
		매개변수 : Member 객체
		반환형 : 없음
		사용 테이블 : memberTBL
	 -->
	<insert id="signUp" parameterType="Member">
		INSERT INTO `memberTBL`
		(userNo, userId, userPwd, userName, userEmail, address, phoneNumber)
		VALUES
		(0, #{userId}, #{userPwd}, #{userName}, #{userEmail}, #{address}, #{phoneNumber});
	</insert>
	
	<!-- 아이디 중복 체크 -->
	<select id="idCheck" parameterType="String" resultType="int">
		SELECT COUNT(userId)
		FROM `memberTBL`
		WHERE userId = #{userId};
	</select>
	
	<!-- 로그인 -->
	<!-- 
		매개변수 : 아이디와 비밀번호가 담긴 HashMap
		반환형 : 정수(해당 정보와 일치한 계정의 개수)
		사용 테이블 : memberTBL
	 -->
	<select id="doLogin" parameterType="hashMap" resultType="Member">
		SELECT *
		FROM `memberTBL`
		WHERE userId = #{userId} AND userPwd = #{userPwd}
	</select>
	
	<!-- 회원정보 조회 -->
	<select id="memberInfo" parameterType="int" resultType="Member">
		SELECT *
		FROM `memberTBL`
		WHERE userNo = #{userNo}
	</select>
	
	<!-- 회원정보 수정 -->
	<update id="updateInfo" parameterType="Member">
		UPDATE `memberTBL`
		SET userId = #{userId}, userPwd = #{userPwd}, userName = #{userName}, userEmail = #{userEmail}, address = #{address}, phoneNumber=#{phoneNumber}
		WHERE userId = #{userId}
	</update>
	
	<!-- 회원 탈퇴 -->
	<delete id="deleteInfo" parameterType="int">
		DELETE FROM `memberTBL`
		WHERE userNo = #{userNo};
	</delete>

</mapper>