<?xml version="1.0" encoding="UTF-8"?>
<!DOCTYPE mapper
PUBLIC "-//mybatis.org//DTD Mapper 3.0//EN"
"http://mybatis.org/dtd/mybatis-3-mapper.dtd">

<mapper namespace="com.ssafy.book.model.dao.OrderDAO">

	<!-- 주문하기 -->
	<!-- 
		매개변수 : 사용자 고유번호와 책 고유번호가 담긴 HashMap
		반환형 : 없음
		사용 테이블 : orderTBL
	 -->
	<insert id="insertOrder" parameterType="hashMap">
		INSERT INTO `orderTBL`
		(orderNo, userNo, bookNo)
		VALUES (0, #{userNo}, #{bookNo});
	</insert>
	
	<!-- 주문 취소하기 -->
	<!-- 
		매개변수 : 사용자 고유번호와 책 고유번호가 담긴 HashMap
		반환형 : 없음
		사용 테이블 : orderTBL
	 -->
	<delete id="deleteOrder" parameterType="hashMap">
		DELETE FROM `orderTBL`
		WHERE orderNo = #{orderNo} AND userNo = #{userNo};
	</delete>
	
	<!-- 장바구니에 담기 -->
	<!-- 
		매개변수 : 사용자 고유번호와 책 고유번호가 담긴 HashMap
		반환형 : 없음
		사용 테이블 : pickTBL
	 -->
	<insert id="insertPick" parameterType="hashMap">
		INSERT INTO `pickTBL`
		(pickNo, userNo, bookNo)
		VALUES(0, #{userNo}, #{bookNo});
	</insert>
	
	<!-- 장바구니에서 제거하기 -->
	<!-- 
		매개변수 : 사용자 고유번호와 책 고유번호가 담긴 HashMap
		반환형 : 없음
		사용 테이블 : pickTBL
	 -->
	<delete id="deletePick" parameterType="hashMap">
		DELETE FROM `pickTBL`
		WHERE userNo = #{userNo} AND bookNo = #{bookNo};
	</delete>
	
	<!-- 주문 조회 -->
	<select id="selectOrder" parameterType="int" resultType="hashMap">
		SELECT book.bookName AS bookName, book.price AS price, book.publisher AS publisher, DATE(ord.orderDate) AS orderDate, ord.orderNo AS orderNo
		FROM `orderTBL` ord, `bookTBL` book
		WHERE book.bookNo = ord.bookNo AND book.bookNo IN (SELECT bookNo FROM `orderTBL` WHERE orderTBL.userNo = #{userNo})
		ORDER BY ord.orderDate DESC; 
	</select>
	
	<!-- 장바구니 조회 -->
	<select id="selectPick" parameterType="int" resultType="Book">
		SELECT *
		FROM `bookTBL`, `pickTBL`
		WHERE bookTBL.bookNo = pickTBL.bookNo AND bookTBL.bookNo IN (SELECT bookNo FROM `pickTBL` WHERE userNo = #{userNo})
		ORDER BY pickTBL.pickNo DESC;
	</select>

</mapper>