<?xml version="1.0" encoding="UTF-8"?>
<!DOCTYPE configuration
PUBLIC "-//mybatis.org//DTD Config 3.0//EN"
"http://mybatis.org/dtd/mybatis-3-config.dtd">

<configuration>

	<!-- DB 연결 프로퍼티 추가 -->
	<properties resource="config/db.properties" />
	
	<!-- 별칭 지정 -->
	<typeAliases>
		<typeAlias type="com.ssafy.book.model.dto.Book" alias="Book"/>
		<typeAlias type="com.ssafy.book.model.dto.Member" alias="Member"/>
	</typeAliases>

	<!-- DB 연결 정보 -->
	<environments default="development">
		<environment id="development">
			<transactionManager type="JDBC" />
			<dataSource type="POOLED">
				<property name="driver" value="${driver}" />
				<property name="url" value="${url}" />
				<property name="username" value="${username}" />
				<property name="password" value="${password}" />
			</dataSource>
		</environment>
	</environments>
	
	<!-- mapper 추가 -->
	<mappers>
		<mapper resource="mapper/book.xml"/>
		<mapper resource="mapper/member.xml"/>
		<mapper resource="mapper/order.xml"/>
	</mappers>

</configuration>